SUNART ヒーター アンヨノコタツ SHS-04 S-M,4514650001448,"12,148",在庫なし,63,http://www.ecj.jp/U1301.doit?goods=4678296
アシックス texcy luxe  牛革軽量モンクビジネス TU-7772 BLACK 008 (26.5cm) ,4549095546292,"4,644",在庫なし,12,http://www.ecj.jp/U1301.doit?goods=4436126
アシックス texcy luxe  牛革軽量モンクビジネス TU-7772 BLACK 008 (26cm) ,4549095546285,"4,644",在庫なし,12,http://www.ecj.jp/U1301.doit?goods=4436125
アシックス texcy luxe  牛革軽量モンクビジネス TU-7772 BLACK 008 (25.5cm) ,4549095546278,"4,644",在庫なし,12,http://www.ecj.jp/U1301.doit?goods=4436124
アシックス texcy luxe  牛革軽量モンクビジネス TU-7772 BLACK 008 (28cm) ,4549095546315,"4,644",在庫なし,12,http://www.ecj.jp/U1301.doit?goods=4436128
アシックス texcy luxe  牛革軽量ストレートチップトラッドビジネス TU-7774 BLACK 008 (28cm) ,4549095546520,"4,644",在庫なし,12,http://www.ecj.jp/U1301.doit?goods=4436149
純綿魂 S-278 ジュンメンダマシイ5ホンユビカカトナシ,4542365801985,858,在庫なし,9,http://www.ecj.jp/U1301.doit?goods=4678493
ナイスデイ 【48476416】mofua プレミマムマイクロファイバー着る毛布 フード付 (ルームウェア)　サイズ：着丈110cm　色：モカベージュ,4571426666522,"3,860",在庫なし,26,http://www.ecj.jp/U1301.doit?goods=3686335
WORLD GLOVE(ワールドグローブ) スマホが使える 保湿手袋 Moist Coat モイストコート(R)タッチ004 ブラック×シルバー (3584bu),4580279654501,"2,255",在庫なし,6,http://www.ecj.jp/U1301.doit?goods=5198336
アキレス シューズ 男児 瞬足 for CHILD KINNG-S-CHEETAH SJC 1400 R・アカ 18.0cm (1038851),4963888500214,"3,563",在庫なし,32,http://www.ecj.jp/U1301.doit?goods=5392602
ASICS アシックス 紳士メンズ コンフォートデイリーウォーキングシューズ Hite Luck(ハイテラック) IL-130 ブラウン 25.5cm (1013943),4549095488073,"5,871",在庫なし,12,http://www.ecj.jp/U1301.doit?goods=4627910
ASICS アシックス 紳士メンズ コンフォートデイリーウォーキングシューズ Hite Luck(ハイテラック) IL-130 ブラウン 26.0cm (1013944),4549095488080,"5,871",在庫なし,12,http://www.ecj.jp/U1301.doit?goods=4627911
アシックス texcy luxe 牛革軽量ビットビジネス TU-7771 BLACK 008 (26.5cm) ,4549095546223,"4,644",在庫なし,12,http://www.ecj.jp/U1301.doit?goods=4436119
ASICS アシックス ビジネスシューズ texcy luxe テクシーリュクス TU-7758 ブラック 26.5cm (1007353),4549095323626,"5,603",在庫なし,12,http://www.ecj.jp/U1301.doit?goods=4426584
BBJ 羽毛の肩当て,4908075202328,"4,297",在庫あり,60,http://www.ecj.jp/U1301.doit?goods=5082425
【  Tシャツ  】00085-ＣＶＴ ＣＶＴヘビーウエイトＴシャツ 【杢グレー】 Ｓ,4529478031799,460,在庫あり,22,http://www.ecj.jp/U1301.doit?goods=458216
【  Tシャツ  】00085-ＣＶＴ ＣＶＴヘビーウエイトＴシャツ 【杢グレー】 Ｍ,4529478031805,460,在庫あり,22,http://www.ecj.jp/U1301.doit?goods=458217
トムス(TOMS) 【  Tシャツ  】00085-ＣＶＴ ＣＶＴヘビーウエイトＴシャツ 【杢グレー】 Ｌ,4529478031812,460,在庫あり,36,http://www.ecj.jp/U1301.doit?goods=458218
トムス(TOMS) 【  Tシャツ  】00085-ＣＶＴ ＣＶＴヘビーウエイトＴシャツ 【ライトブルー】 Ｓ,4529478033298,460,在庫あり,36,http://www.ecj.jp/U1301.doit?goods=458513
ベルコット Rilakkuma リラックマ マザーズバッグ ボストントート RK-027 (1030117),4560150189346,"4,523",在庫なし,36,http://www.ecj.jp/U1301.doit?goods=5124380
コモライフ ぐんまシルク潤いネックウォーマー (0218666),4990911186664,"1,454",在庫なし,9,http://www.ecj.jp/U1301.doit?goods=5026049
【  Tシャツ  】00085-ＣＶＴ ＣＶＴヘビーウエイトＴシャツ 【ブラック】 Ｓ,4529478031874,460,在庫あり,22,http://www.ecj.jp/U1301.doit?goods=458229
昭和繊維プロケア 【  Tシャツ  】00085-ＣＶＴ ＣＶＴヘビーウエイトＴシャツ 【ブラック】 Ｍ,4529478031881,460,在庫あり,25,http://www.ecj.jp/U1301.doit?goods=458230
トムス(TOMS) 【  Tシャツ  】00085-ＣＶＴ ＣＶＴヘビーウエイトＴシャツ 【ブラック】 Ｌ,4529478031898,460,在庫あり,36,http://www.ecj.jp/U1301.doit?goods=458231
コモライフ サザック スーパーマリオ フリースマリオ着ぐるみ 子供用 BAN-031F・110cm (1027487),4560419555776,"3,862",在庫なし,27,http://www.ecj.jp/U1301.doit?goods=5166803
アルファックス 風に飛ばされにくい小顔UV帽子 ブラック・AP-414506 (1011801),4528870414506,"2,914",在庫なし,32,http://www.ecj.jp/U1301.doit?goods=4642780
サザック ドラえもん×キティひみつ道具ボーダーステテコ(7分丈) 男女兼用L SAN-814 NB(ネイビー) (1047811),4560419560794,"2,129",在庫なし,11,http://www.ecj.jp/U1301.doit?goods=5482233
トムス(TOMS) 【  Tシャツ  】00085-ＣＶＴ ＣＶＴヘビーウエイトＴシャツ 【レッド】 １５０ｃｍ,4529478032024,430,在庫あり,34,http://www.ecj.jp/U1301.doit?goods=458240
コモライフ はずかしがり屋キキララパーカースーツ レディースM SAN-718 PP(パープル) (1027735),4560419556582,"4,567",在庫なし,31,http://www.ecj.jp/U1301.doit?goods=5107497
アルファックス なめらかシルクのニット帽 パープル・AP-423300 (1029112),4528870423300,753,在庫なし,5,http://www.ecj.jp/U1301.doit?goods=5089923
ワームス トリプルブロッカー(R)サングラス TB-338 レッド (1031bj),4571271540725,"1,931",在庫なし,10,http://www.ecj.jp/U1301.doit?goods=4620100
miffy ミッフィー オーガナイザー ネイビー ST-ZMF0008 (1040545),4580137337614,"1,963",在庫なし,6,http://www.ecj.jp/U1301.doit?goods=5420165
トムス(TOMS) 【  Tシャツ  】00085-ＣＶＴ ＣＶＴヘビーウエイトＴシャツ 【ロイヤルブルー】 １５０ｃｍ,4529478032482,430,在庫あり,34,http://www.ecj.jp/U1301.doit?goods=458365
トムス 【  Tシャツ  】00085-ＣＶＴ ＣＶＴヘビーウエイトＴシャツ 【ミント】 １５０ｃｍ,4529478099058,430,在庫あり,34,http://www.ecj.jp/U1301.doit?goods=458787
Printstar(プリントスター) 【  Tシャツ  】00137-ＲＳＳ ＲＳＳ半袖ラグランＴシャツ 【杢グレー×ネイビー】 Ｍ,4529478073676,"1,238",在庫あり,22,http://www.ecj.jp/U1301.doit?goods=459046
